"ID","DEVICE_ID","DATA_VALUE","THRESHOLD","CREATE_AT"
"1","1","937.2179232998934","513.9591744006237","2021-04-07 03:23:37.012000000"
"2","1","558.4046347713705","974.4939046991059","2021-04-07 03:23:37.046000000"
"3","1","858.3354552476949","883.2414234452109","2021-04-07 03:23:37.080000000"
"4","1","873.3038516607062","595.6844498557483","2021-04-07 03:23:37.112000000"
"5","1","677.7703207016822","918.9963765752461","2021-04-07 03:23:37.145000000"
"6","1","741.0647710865926","938.57461522163","2021-04-07 03:23:37.178000000"
"7","1","900.5593090275706","790.4758662156464","2021-04-07 03:23:37.210000000"
"8","1","936.7283481730364","706.0876518322931","2021-04-07 03:23:37.243000000"
"9","1","555.1945900680525","685.0957908318949","2021-04-07 03:23:37.275000000"
"10","1","573.6131388970836","670.0133733759955","2021-04-07 03:23:37.307000000"
"11","2","647.1997984333427","780.4056308049069","2021-04-07 03:23:37.339000000"
"12","2","749.2607965426058","939.0488762841176","2021-04-07 03:23:37.371000000"
"13","2","848.8990056380651","706.6936236717341","2021-04-07 03:23:37.403000000"
"14","2","912.1351152231541","958.4038436644379","2021-04-07 03:23:37.435000000"
"15","2","720.3682300137721","795.6838518777442","2021-04-07 03:23:37.468000000"
"16","2","512.6390573361147","819.0393346016886","2021-04-07 03:23:37.500000000"
"17","2","568.9359124402653","606.9054896029078","2021-04-07 03:23:37.532000000"
"18","2","780.4943739713291","701.7810686514351","2021-04-07 03:23:37.565000000"
"19","2","990.3407636284805","749.3535658447245","2021-04-07 03:23:37.597000000"
"20","2","567.0961112303861","980.7387641389319","2021-04-07 03:23:37.629000000"
"21","3","870.2150303092127","693.8135300125608","2021-04-07 03:23:37.662000000"
"22","3","515.3641607397955","821.2474107806657","2021-04-07 03:23:37.693000000"
"23","3","523.5858997356303","738.8721365865065","2021-04-07 03:23:37.725000000"
"24","3","598.5097835298508","538.3363203339618","2021-04-07 03:23:37.757000000"
"25","3","600.6075249402866","704.7588443300679","2021-04-07 03:23:37.789000000"
"26","3","549.8454421278382","604.3117363152265","2021-04-07 03:23:37.822000000"
"27","3","998.2989828331229","589.0204258278933","2021-04-07 03:23:37.854000000"
"28","3","829.4911858195087","968.4901264452868","2021-04-07 03:23:37.886000000"
"29","3","854.7612298073843","798.0934586456472","2021-04-07 03:23:37.918000000"
"30","3","786.3599854873702","604.9649648674188","2021-04-07 03:23:37.950000000"
"31","4","903.4014493747993","658.6398529937325","2021-04-07 03:23:37.982000000"
"32","4","834.4217735379202","725.8164361919178","2021-04-07 03:23:38.014000000"
"33","4","716.6389810060765","677.9786752111132","2021-04-07 03:23:38.046000000"
"34","4","642.0869075767561","874.6791264586461","2021-04-07 03:23:38.078000000"
"35","4","969.1251119408003","733.1065362310311","2021-04-07 03:23:38.110000000"
"36","4","909.8183119076336","583.177432706064","2021-04-07 03:23:38.141000000"
"37","4","968.7336940526714","758.4170097268382","2021-04-07 03:23:38.173000000"
"38","4","925.68122935685","587.0073049250536","2021-04-07 03:23:38.205000000"
"39","4","546.0077355563949","998.4288699285332","2021-04-07 03:23:38.237000000"
"40","4","914.5868271867707","562.6995214505374","2021-04-07 03:23:38.269000000"
"41","5","739.1373981374322","717.8817906015624","2021-04-07 03:23:38.301000000"
"42","5","828.5919825537412","680.3191863138968","2021-04-07 03:23:38.333000000"
"43","5","941.2438837878685","629.3190237414572","2021-04-07 03:23:38.365000000"
"44","5","540.5223610557576","615.0776943349089","2021-04-07 03:23:38.396000000"
"45","5","831.7047282876971","970.0251975664867","2021-04-07 03:23:38.428000000"
"46","5","658.3902231763868","629.6468678146584","2021-04-07 03:23:38.460000000"
"47","5","756.8923780780602","746.5945826358206","2021-04-07 03:23:38.492000000"
"48","5","719.6712418438366","508.6038897809043","2021-04-07 03:23:38.523000000"
"49","5","538.1336141355059","689.805053208865","2021-04-07 03:23:38.556000000"
"50","5","545.4262815532504","570.9001621449366","2021-04-07 03:23:38.589000000"
"51","6","775.9732720213435","661.1937773630973","2021-04-07 03:23:38.621000000"
"52","6","836.4332275946008","516.7643963766407","2021-04-07 03:23:38.653000000"
"53","6","745.2761091742425","997.2569776185114","2021-04-07 03:23:38.685000000"
"54","6","727.1553388135624","540.5081396462679","2021-04-07 03:23:38.717000000"
"55","6","594.5059426830403","919.8150925001979","2021-04-07 03:23:38.749000000"
"56","6","840.6860808679601","780.9808017750604","2021-04-07 03:23:38.781000000"
"57","6","999.4592607986773","652.8899351529817","2021-04-07 03:23:38.812000000"
"58","6","890.0642868295681","977.9832177680383","2021-04-07 03:23:38.844000000"
"59","6","597.6239659788849","955.5519378051924","2021-04-07 03:23:38.876000000"
"60","6","608.8852159504024","830.8950915149092","2021-04-07 03:23:38.908000000"
"61","7","998.2952783743876","704.8174278730488","2021-04-07 03:23:38.940000000"
"62","7","561.0586689592951","782.9893005475453","2021-04-07 03:23:38.972000000"
"63","7","515.3276920169078","562.8940271607412","2021-04-07 03:23:39.004000000"
"64","7","675.0301803575255","654.2145732282922","2021-04-07 03:23:39.036000000"
"65","7","604.2173700373158","860.0646025422707","2021-04-07 03:23:39.068000000"
"66","7","632.3557265507558","615.713844314603","2021-04-07 03:23:39.100000000"
"67","7","733.3564623956099","893.7958250892785","2021-04-07 03:23:39.132000000"
"68","7","806.3887935009521","878.1485112261365","2021-04-07 03:23:39.164000000"
"69","7","595.6043578311675","584.7437107662215","2021-04-07 03:23:39.196000000"
"70","7","768.2315545512275","673.8524723189391","2021-04-07 03:23:39.227000000"
"71","8","709.4494029316486","746.7831662229371","2021-04-07 03:23:39.259000000"
"72","8","636.5171208695792","663.4001802539094","2021-04-07 03:23:39.291000000"
"73","8","568.5178852575699","916.530288892963","2021-04-07 03:23:39.323000000"
"74","8","617.244740199171","586.2189322541602","2021-04-07 03:23:39.355000000"
"75","8","783.0210012807574","911.6518263778487","2021-04-07 03:23:39.387000000"
"76","8","774.3695937169134","858.8440172767025","2021-04-07 03:23:39.419000000"
"77","8","814.6283773943956","765.5332545828353","2021-04-07 03:23:39.451000000"
"78","8","641.3228621864295","916.0522610642392","2021-04-07 03:23:39.483000000"
"79","8","706.4977238347515","579.5952534654298","2021-04-07 03:23:39.514000000"
"80","8","574.9397019787502","972.4900617192151","2021-04-07 03:23:39.546000000"
"81","9","821.5236150226959","849.5753502784721","2021-04-07 03:23:39.577000000"
"82","9","820.4868007051657","839.4002729182623","2021-04-07 03:23:39.609000000"
"83","9","996.8856352662397","987.6017546435924","2021-04-07 03:23:39.641000000"
"84","9","765.8728106397425","959.5868410552187","2021-04-07 03:23:39.673000000"
"85","9","937.661416187644","595.4201230125755","2021-04-07 03:23:39.705000000"
"86","9","770.118766573119","582.9590011065278","2021-04-07 03:23:39.737000000"
"87","9","894.7520320506694","734.84855267335","2021-04-07 03:23:39.772000000"
"88","9","686.8620763559777","612.6391239169407","2021-04-07 03:23:39.805000000"
"89","9","989.0634959284073","860.9830327700581","2021-04-07 03:23:39.837000000"
"90","9","601.1597267244002","993.7919813492781","2021-04-07 03:23:39.869000000"
"91","10","704.1327839965221","756.3413910348697","2021-04-07 03:23:39.901000000"
"92","10","778.499179540371","732.879907843719","2021-04-07 03:23:39.933000000"
"93","10","508.81548668101726","558.9175360890426","2021-04-07 03:23:39.965000000"
"94","10","629.121877246333","567.6498197764801","2021-04-07 03:23:39.997000000"
"95","10","658.5654118230863","753.4122107484335","2021-04-07 03:23:40.029000000"
"96","10","681.4356126110523","655.5655357828008","2021-04-07 03:23:40.061000000"
"97","10","773.5500609434714","650.626317511329","2021-04-07 03:23:40.093000000"
"98","10","717.2468787732284","895.9621939424942","2021-04-07 03:23:40.124000000"
"99","10","914.4862095099866","597.4460387919111","2021-04-07 03:23:40.157000000"
"100","10","907.9589483710117","684.4478686821097","2021-04-07 03:23:40.189000000"
"101","11","684.9423922419303","904.505776993965","2021-04-07 03:23:40.221000000"
"102","11","632.8389129712797","645.5388726660672","2021-04-07 03:23:40.253000000"
"103","11","876.15241672603","525.0990994832626","2021-04-07 03:23:40.286000000"
"104","11","630.6619547452389","528.1176135540848","2021-04-07 03:23:40.317000000"
"105","11","905.334360267703","918.1912526756207","2021-04-07 03:23:40.349000000"
"106","11","605.1812827367245","894.045050795105","2021-04-07 03:23:40.381000000"
"107","11","684.9890975565974","848.323495978093","2021-04-07 03:23:40.413000000"
"108","11","542.1740783908594","595.7036985899903","2021-04-07 03:23:40.445000000"
"109","11","972.1231190486393","634.4020387740868","2021-04-07 03:23:40.477000000"
"110","11","814.1367614406843","769.6487898231851","2021-04-07 03:23:40.508000000"
"111","12","894.8641820755247","597.5476056752879","2021-04-07 03:23:40.540000000"
"112","12","526.8692127051823","745.0175747078525","2021-04-07 03:23:40.572000000"
"113","12","553.211072052365","687.6941696277559","2021-04-07 03:23:40.603000000"
"114","12","504.8983158382297","764.2307367194728","2021-04-07 03:23:40.635000000"
"115","12","869.9273041683432","745.4148601365043","2021-04-07 03:23:40.666000000"
"116","12","687.7942036311565","935.1108072240443","2021-04-07 03:23:40.698000000"
"117","12","516.0491684096693","710.2132390914381","2021-04-07 03:23:40.730000000"
"118","12","667.579706400916","541.1776669727312","2021-04-07 03:23:40.762000000"
"119","12","651.1530731009346","868.6457751897372","2021-04-07 03:23:40.794000000"
"120","12","699.361245249057","960.6745879756097","2021-04-07 03:23:40.825000000"
"121","13","872.5144448067454","834.135583880094","2021-04-07 03:23:40.857000000"
"122","13","594.2859045198971","605.1070328180508","2021-04-07 03:23:40.889000000"
"123","13","746.1592496949975","725.4294842989359","2021-04-07 03:23:40.921000000"
"124","13","785.9210005574166","718.3800288951128","2021-04-07 03:23:41.163000000"
"125","13","572.1450802449672","561.9219863338401","2021-04-07 03:23:41.196000000"
"126","13","704.4634515842455","769.9306773361445","2021-04-07 03:23:41.228000000"
"127","13","534.426025201285","978.9142556756194","2021-04-07 03:23:41.260000000"
"128","13","821.7096613804626","941.6119902142028","2021-04-07 03:23:41.293000000"
"129","13","549.8333586422183","902.4843211926034","2021-04-07 03:23:41.325000000"
"130","13","956.2233407674057","565.2034888493355","2021-04-07 03:23:41.357000000"
"131","14","587.3285398077821","529.4149801647474","2021-04-07 03:23:41.389000000"
"132","14","645.6200902593173","897.046397775115","2021-04-07 03:23:41.421000000"
"133","14","886.7459683127812","940.453985447263","2021-04-07 03:23:41.453000000"
"134","14","950.8961891968112","676.4127688019806","2021-04-07 03:23:41.484000000"
"135","14","958.6188981075968","676.0717604862377","2021-04-07 03:23:41.516000000"
"136","14","522.6790081764784","972.3475816144027","2021-04-07 03:23:41.548000000"
"137","14","630.1156605749854","572.4147213481302","2021-04-07 03:23:41.580000000"
"138","14","833.1041512336697","694.3409404731982","2021-04-07 03:23:41.612000000"
"139","14","954.014254322273","921.4562159438481","2021-04-07 03:23:41.644000000"
"140","14","960.8258901672978","798.6890456867557","2021-04-07 03:23:41.677000000"
"141","15","841.7061168619291","642.8920897043511","2021-04-07 03:23:41.709000000"
"142","15","535.6504183145363","722.4794720680859","2021-04-07 03:23:41.741000000"
"143","15","673.0576263644206","814.4858594811478","2021-04-07 03:23:41.773000000"
"144","15","542.1288326529661","818.2691518548681","2021-04-07 03:23:41.805000000"
"145","15","844.3259868402769","744.4984468409637","2021-04-07 03:23:41.836000000"
"146","15","593.600106829731","656.1352884084913","2021-04-07 03:23:41.868000000"
"147","15","804.723550482078","817.8133504467537","2021-04-07 03:23:41.900000000"
"148","15","517.1504267953146","931.3790069051236","2021-04-07 03:23:41.932000000"
"149","15","836.5115508923232","763.2414146317017","2021-04-07 03:23:41.964000000"
"150","15","748.4769813306109","769.7392625043182","2021-04-07 03:23:41.995000000"
"151","16","894.1740666223857","923.4733038523968","2021-04-07 03:23:42.027000000"
"152","16","969.1707790679293","513.8680888954126","2021-04-07 03:23:42.059000000"
"153","16","855.9414652622415","625.7600275916466","2021-04-07 03:23:42.091000000"
"154","16","694.9599470476733","874.1822050313092","2021-04-07 03:23:42.123000000"
"155","16","919.9582734756345","994.1915596751428","2021-04-07 03:23:42.154000000"
"156","16","694.1021500466372","695.5205383029511","2021-04-07 03:23:42.185000000"
"157","16","917.2592517274893","694.8913983051355","2021-04-07 03:23:42.218000000"
"158","16","612.3565237656571","550.7934212677927","2021-04-07 03:23:42.250000000"
"159","16","584.2017860143752","545.9396922391015","2021-04-07 03:23:42.282000000"
"160","16","725.0695146150478","795.4205234940656","2021-04-07 03:23:42.314000000"
"161","17","855.8822657449209","774.4985105554417","2021-04-07 03:23:42.347000000"
"162","17","793.219791246823","586.5498308496416","2021-04-07 03:23:42.379000000"
"163","17","773.8411942482978","954.1931214784906","2021-04-07 03:23:42.411000000"
"164","17","634.6860462837922","609.0530831733948","2021-04-07 03:23:42.444000000"
"165","17","510.0908241199141","615.4058555009937","2021-04-07 03:23:42.476000000"
"166","17","754.5467312245618","820.03489486743","2021-04-07 03:23:42.508000000"
"167","17","835.5153519778298","510.0019253474502","2021-04-07 03:23:42.540000000"
"168","17","673.4511749153811","958.1054920308848","2021-04-07 03:23:42.572000000"
"169","17","605.1139314711278","774.0668893571388","2021-04-07 03:23:42.604000000"
"170","17","832.3215294046635","936.945311616406","2021-04-07 03:23:42.636000000"
"171","18","684.2083570859475","838.3186331615495","2021-04-07 03:23:42.668000000"
"172","18","903.2753078297922","881.5674129723888","2021-04-07 03:23:42.700000000"
"173","18","750.966110952412","956.7531749959968","2021-04-07 03:23:42.732000000"
"174","18","998.7916713656494","774.6914798454143","2021-04-07 03:23:42.763000000"
"175","18","765.7851490392715","706.9298118541361","2021-04-07 03:23:42.795000000"
"176","18","676.02321806416","919.2324898649458","2021-04-07 03:23:42.827000000"
"177","18","533.8855232347929","870.7473724372794","2021-04-07 03:23:42.859000000"
"178","18","895.7037938854419","942.5295587776207","2021-04-07 03:23:42.892000000"
"179","18","736.8316029794098","715.3741396814589","2021-04-07 03:23:42.924000000"
"180","18","520.2554902680095","785.0945539040986","2021-04-07 03:23:42.955000000"
"181","19","825.7453335079806","752.2085082028943","2021-04-07 03:23:42.987000000"
"182","19","775.9625923019776","829.0883560186834","2021-04-07 03:23:43.019000000"
"183","19","680.5083138806997","564.8516752082918","2021-04-07 03:23:43.051000000"
"184","19","798.7552826588549","671.0178649732384","2021-04-07 03:23:43.083000000"
"185","19","904.1684035427301","896.2543383122518","2021-04-07 03:23:43.116000000"
"186","19","900.8442136385179","905.0406765119524","2021-04-07 03:23:43.149000000"
"187","19","666.9506703646241","553.4148238723021","2021-04-07 03:23:43.182000000"
"188","19","815.4307935331293","544.4944532573859","2021-04-07 03:23:43.214000000"
"189","19","987.3340144805686","528.4954909241981","2021-04-07 03:23:43.246000000"
"190","19","795.6252280543357","598.0890303610896","2021-04-07 03:23:43.278000000"
"191","20","958.7058498208451","552.4119946510677","2021-04-07 03:23:43.310000000"
"192","20","523.4897424621695","616.5967260358843","2021-04-07 03:23:43.342000000"
"193","20","925.6540927239898","847.7893572268152","2021-04-07 03:23:43.374000000"
"194","20","584.2849826980126","806.9266985999533","2021-04-07 03:23:43.406000000"
"195","20","979.8751321766497","812.9339042558138","2021-04-07 03:23:43.438000000"
"196","20","992.6536304843326","647.4727425471721","2021-04-07 03:23:43.469000000"
"197","20","861.7690671613672","591.6324838286711","2021-04-07 03:23:43.501000000"
"198","20","840.4185305231415","670.1000828346661","2021-04-07 03:23:43.532000000"
"199","20","885.6123434623478","566.4104821563263","2021-04-07 03:23:43.565000000"
"200","20","816.3956676849084","797.8102944732871","2021-04-07 03:23:43.597000000"
"201","21","756.7549567107691","862.2260535056505","2021-04-07 03:23:43.629000000"
"202","21","548.4533899741328","715.5743368919757","2021-04-07 03:23:43.661000000"
"203","21","702.7919850870658","692.2775001750716","2021-04-07 03:23:43.692000000"
"204","21","859.1883204730036","589.9223481780492","2021-04-07 03:23:43.724000000"
"205","21","839.770612190998","692.5550424339427","2021-04-07 03:23:43.757000000"
"206","21","845.0554946707118","588.3887840250483","2021-04-07 03:23:43.789000000"
"207","21","926.4850402286073","829.1256559883577","2021-04-07 03:23:43.821000000"
"208","21","531.5738083991954","614.6213412199613","2021-04-07 03:23:43.854000000"
"209","21","886.1371335846113","843.5523182369219","2021-04-07 03:23:43.886000000"
"210","21","595.8830326620193","761.2329262982053","2021-04-07 03:23:43.918000000"
"211","22","797.028143587661","967.1417925073221","2021-04-07 03:23:43.950000000"
"212","22","889.7378183524784","636.6691673379788","2021-04-07 03:23:43.983000000"
"213","22","796.8049869511028","741.0898299627319","2021-04-07 03:23:44.015000000"
"214","22","541.1992786516116","865.3587315114464","2021-04-07 03:23:44.047000000"
"215","22","578.0434707830273","776.0310488356884","2021-04-07 03:23:44.079000000"
"216","22","940.1930463664992","846.4222725674211","2021-04-07 03:23:44.112000000"
"217","22","781.425552415122","830.6947557721667","2021-04-07 03:23:44.144000000"
"218","22","527.2008622121799","761.6156797936626","2021-04-07 03:23:44.176000000"
"219","22","793.3605872375567","559.9079043918298","2021-04-07 03:23:44.208000000"
"220","22","806.1269645947727","999.1191577377986","2021-04-07 03:23:44.241000000"
"221","23","933.4271817019965","617.8695701542202","2021-04-07 03:23:44.273000000"
"222","23","668.6886957567511","956.0596218236662","2021-04-07 03:23:44.305000000"
"223","23","935.4279593387189","735.2771485619724","2021-04-07 03:23:44.337000000"
"224","23","566.975503629468","995.6417510505142","2021-04-07 03:23:44.369000000"
"225","23","566.4810279717474","711.8890747914915","2021-04-07 03:23:44.402000000"
"226","23","943.320499517024","895.2560123556356","2021-04-07 03:23:44.434000000"
"227","23","705.4449997230702","944.7667568538482","2021-04-07 03:23:44.466000000"
"228","23","860.0489900941279","746.8431210048639","2021-04-07 03:23:44.500000000"
"229","23","836.1710917872049","732.9922261957722","2021-04-07 03:23:44.532000000"
"230","23","500.7825418206847","767.7682035109789","2021-04-07 03:23:44.565000000"
"231","24","502.88554767357306","963.40213109831","2021-04-07 03:23:44.597000000"
"232","24","511.81975843552306","680.4654442604825","2021-04-07 03:23:44.630000000"
"233","24","953.4895832431598","944.9775967100481","2021-04-07 03:23:44.663000000"
"234","24","735.4992015077543","802.7218829537426","2021-04-07 03:23:44.695000000"
"235","24","664.1811634183669","932.87767742754","2021-04-07 03:23:44.727000000"
"236","24","502.91812193632023","801.605410356138","2021-04-07 03:23:44.760000000"
"237","24","773.5775852545721","663.7482661113152","2021-04-07 03:23:44.792000000"
"238","24","930.3227111346323","569.8212433351347","2021-04-07 03:23:44.825000000"
"239","24","834.723204401441","951.9421911864886","2021-04-07 03:23:44.857000000"
"240","24","608.2734671578968","862.4867992327752","2021-04-07 03:23:44.890000000"
"241","25","621.8050275343783","948.3765217227399","2021-04-07 03:23:44.924000000"
"242","25","567.2447633087149","572.2038634466319","2021-04-07 03:23:44.957000000"
"243","25","711.3248665876305","693.2863360121332","2021-04-07 03:23:44.990000000"
"244","25","745.1079560331182","893.0285138980848","2021-04-07 03:23:45.023000000"
"245","25","590.8713317641864","595.1138190021593","2021-04-07 03:23:45.055000000"
"246","25","742.1424559072252","598.9728266829561","2021-04-07 03:23:45.088000000"
"247","25","543.8126126619538","729.5028594685218","2021-04-07 03:23:45.121000000"
"248","25","671.0278020059765","671.6465648502858","2021-04-07 03:23:45.154000000"
"249","25","860.5002041484418","909.5923149612124","2021-04-07 03:23:45.186000000"
"250","25","643.5947458626653","685.7838345391817","2021-04-07 03:23:45.218000000"
"251","26","704.4540568487967","917.484262955435","2021-04-07 03:23:45.250000000"
"252","26","778.3480560927501","600.6683610575828","2021-04-07 03:23:45.282000000"
"253","26","577.2591881875353","696.6013331703368","2021-04-07 03:23:45.315000000"
"254","26","507.18238498884153","665.3246693330982","2021-04-07 03:23:45.347000000"
"255","26","947.0464763058276","916.8861786680171","2021-04-07 03:23:45.380000000"
"256","26","593.445490328892","955.8650137672223","2021-04-07 03:23:45.412000000"
"257","26","683.9496224037089","589.5562773727004","2021-04-07 03:23:45.444000000"
"258","26","968.3704209776735","550.0545828650432","2021-04-07 03:23:45.475000000"
"259","26","582.657779165458","583.6566048813501","2021-04-07 03:23:45.508000000"
"260","26","587.7776984968506","956.3895734087247","2021-04-07 03:23:45.540000000"
"261","27","901.380766878874","937.4562563016885","2021-04-07 03:23:45.572000000"
"262","27","709.4569551159544","993.9069761328215","2021-04-07 03:23:45.603000000"
"263","27","509.66996071366134","737.8529330849858","2021-04-07 03:23:45.635000000"
"264","27","609.2244933957526","841.8719351048942","2021-04-07 03:23:45.667000000"
"265","27","680.0918564421653","510.8514485444452","2021-04-07 03:23:45.699000000"
"266","27","966.2973677919665","610.0481381362943","2021-04-07 03:23:45.731000000"
"267","27","772.0863696097297","828.1595590960158","2021-04-07 03:23:45.763000000"
"268","27","771.2087616719381","649.1673348790176","2021-04-07 03:23:45.795000000"
"269","27","763.1631092847065","634.1426228581594","2021-04-07 03:23:45.827000000"
"270","27","621.9960752734925","532.9173538716299","2021-04-07 03:23:45.859000000"
"271","28","649.7569724717524","549.0516989098614","2021-04-07 03:23:45.891000000"
"272","28","925.5492134468427","595.1051999828768","2021-04-07 03:23:45.923000000"
"273","28","659.8315658053538","592.2295237422727","2021-04-07 03:23:45.955000000"
"274","28","774.0575523954642","656.0193253190123","2021-04-07 03:23:45.987000000"
"275","28","544.1630236537728","979.5662150621922","2021-04-07 03:23:46.020000000"
"276","28","779.0440268192258","751.3415836157561","2021-04-07 03:23:46.054000000"
"277","28","614.8569005036114","778.29550504201","2021-04-07 03:23:46.087000000"
"278","28","814.7667110644549","522.9209882875718","2021-04-07 03:23:46.119000000"
"279","28","826.1407062032099","629.8122776605021","2021-04-07 03:23:46.151000000"
"280","28","831.9004786213754","524.9934781327627","2021-04-07 03:23:46.183000000"
"281","29","821.2747175921215","534.2290067636824","2021-04-07 03:23:46.214000000"
"282","29","649.2425885230759","628.0883580690809","2021-04-07 03:23:46.246000000"
"283","29","922.4853229381162","603.4722197187057","2021-04-07 03:23:46.278000000"
"284","29","531.6110100732453","898.9083486619359","2021-04-07 03:23:46.310000000"
"285","29","597.2539733659777","917.5463609409483","2021-04-07 03:23:46.342000000"
"286","29","524.1375610712012","566.8215521190846","2021-04-07 03:23:46.373000000"
"287","29","655.4233355670588","578.2021995267042","2021-04-07 03:23:46.405000000"
"288","29","913.6478702569773","882.9689648611812","2021-04-07 03:23:46.437000000"
"289","29","809.9091150868774","752.9403704555042","2021-04-07 03:23:46.469000000"
"290","29","784.1817645751244","669.8587885843949","2021-04-07 03:23:46.501000000"
"291","30","663.9346932287606","603.669659641736","2021-04-07 03:23:46.532000000"
"292","30","526.7320936040176","623.8645000279823","2021-04-07 03:23:46.565000000"
"293","30","501.6125587855335","680.8447152740393","2021-04-07 03:23:46.597000000"
"294","30","723.5631345660172","553.6385213773628","2021-04-07 03:23:46.628000000"
"295","30","734.7329093927606","954.7984569975922","2021-04-07 03:23:46.660000000"
"296","30","647.7376187981072","519.1398370303134","2021-04-07 03:23:46.691000000"
"297","30","590.8553864917499","561.8497335127439","2021-04-07 03:23:46.723000000"
"298","30","539.1326099162429","530.389256215725","2021-04-07 03:23:46.754000000"
"299","30","799.0915270658891","746.3438751540191","2021-04-07 03:23:46.785000000"
"300","30","538.3013850231482","812.6807803664027","2021-04-07 03:23:46.817000000"
"301","31","735.7992377200303","526.2543683199117","2021-04-07 03:23:46.849000000"
"302","31","716.5204256105266","729.7843870242093","2021-04-07 03:23:46.882000000"
"303","31","841.0092388745384","918.8597710752977","2021-04-07 03:23:46.913000000"
"304","31","600.5708854082986","534.3420665199068","2021-04-07 03:23:46.946000000"
"305","31","710.5516609575227","919.7184509680267","2021-04-07 03:23:46.978000000"
"306","31","585.0366958459653","553.6120755096133","2021-04-07 03:23:47.010000000"
"307","31","715.2427032622454","986.8858160417614","2021-04-07 03:23:47.042000000"
"308","31","680.3581791373938","950.4859277941923","2021-04-07 03:23:47.074000000"
"309","31","563.4718822179527","913.70800938444","2021-04-07 03:23:47.106000000"
"310","31","688.9428655094007","822.631952596341","2021-04-07 03:23:47.137000000"
"311","32","694.736125449434","918.9630535095421","2021-04-07 03:23:47.169000000"
"312","32","670.2375401230964","833.8766152338432","2021-04-07 03:23:47.201000000"
"313","32","593.188252098266","565.6677843094776","2021-04-07 03:23:47.233000000"
"314","32","527.4510181384725","826.0154517579808","2021-04-07 03:23:47.264000000"
"315","32","619.1074561051543","847.6059606262436","2021-04-07 03:23:47.297000000"
"316","32","936.3367117475618","511.7246246595764","2021-04-07 03:23:47.329000000"
"317","32","568.6421811553968","610.8156365076903","2021-04-07 03:23:47.361000000"
"318","32","892.5186854610847","885.8658715581722","2021-04-07 03:23:47.393000000"
"319","32","629.5741880338287","810.0179590793912","2021-04-07 03:23:47.425000000"
"320","32","627.4829695681847","870.0546595694597","2021-04-07 03:23:47.456000000"
"321","33","890.2528757689101","783.1390554569314","2021-04-07 03:23:47.488000000"
"322","33","727.1051820290734","526.3010883262876","2021-04-07 03:23:47.520000000"
"323","33","709.2287126113197","507.1007612442451","2021-04-07 03:23:47.552000000"
"324","33","690.6604937309866","535.6851755951","2021-04-07 03:23:47.584000000"
"325","33","592.0351904057743","684.2172024748957","2021-04-07 03:23:47.616000000"
"326","33","809.4300900510059","526.459446380648","2021-04-07 03:23:47.648000000"
"327","33","642.70465965971","723.2863590335279","2021-04-07 03:23:47.681000000"
"328","33","988.8904203107093","602.6618491430854","2021-04-07 03:23:47.713000000"
"329","33","951.1334961876705","914.5947982894402","2021-04-07 03:23:47.744000000"
"330","33","866.8625588338545","568.5978023771494","2021-04-07 03:23:47.776000000"
"331","34","615.7175859034328","563.0603729948443","2021-04-07 03:23:47.808000000"
"332","34","602.219179765102","722.7035300733585","2021-04-07 03:23:47.840000000"
"333","34","612.642840904827","765.9216381111139","2021-04-07 03:23:47.871000000"
"334","34","520.5583367625736","841.810581098707","2021-04-07 03:23:47.903000000"
"335","34","637.6239946695915","800.792607002731","2021-04-07 03:23:47.935000000"
"336","34","516.3863648786427","895.0980259450303","2021-04-07 03:23:47.967000000"
"337","34","554.1239608252683","950.9536680164904","2021-04-07 03:23:47.999000000"
"338","34","616.0887390826093","914.6137308400967","2021-04-07 03:23:48.031000000"
"339","34","910.318939397733","591.5509811818208","2021-04-07 03:23:48.063000000"
"340","34","542.5006475062056","764.8552658450484","2021-04-07 03:23:48.095000000"
"341","35","956.6598217904875","980.5507677823766","2021-04-07 03:23:48.127000000"
"342","35","577.3327334670478","837.8610232076062","2021-04-07 03:23:48.160000000"
"343","35","509.10014583792696","923.0742392583566","2021-04-07 03:23:48.192000000"
"344","35","694.5713521975649","706.5797162445244","2021-04-07 03:23:48.223000000"
"345","35","831.9132904735463","831.7700735033025","2021-04-07 03:23:48.255000000"
"346","35","787.8265512683364","779.6056464152314","2021-04-07 03:23:48.288000000"
"347","35","750.2622427029669","837.5022717607405","2021-04-07 03:23:48.320000000"
"348","35","869.935200760556","977.4991468554975","2021-04-07 03:23:48.352000000"
"349","35","629.3934753530278","646.5370402403539","2021-04-07 03:23:48.384000000"
"350","35","509.3668359325002","998.2018371981976","2021-04-07 03:23:48.415000000"
"351","36","751.132610906648","633.6790917195991","2021-04-07 03:23:48.447000000"
"352","36","899.2141673626207","525.595167518316","2021-04-07 03:23:48.479000000"
"353","36","528.1166718366376","662.6959696221995","2021-04-07 03:23:48.511000000"
"354","36","796.8622156364027","788.927141723861","2021-04-07 03:23:48.543000000"
"355","36","860.6793838711787","720.8377061208674","2021-04-07 03:23:48.575000000"
"356","36","681.823667615477","701.7822023436504","2021-04-07 03:23:48.609000000"
"357","36","988.2112454702183","742.2361231917216","2021-04-07 03:23:48.641000000"
"358","36","549.2508040882714","672.5375751556314","2021-04-07 03:23:48.673000000"
"359","36","501.5879105532061","823.2892157080074","2021-04-07 03:23:48.705000000"
"360","36","980.9045967426894","519.3894240404916","2021-04-07 03:23:48.737000000"
"361","37","800.6188956519577","674.2396037900081","2021-04-07 03:23:48.769000000"
"362","37","952.0100857958992","871.7545518453711","2021-04-07 03:23:48.800000000"
"363","37","713.44851982944","755.1885474222065","2021-04-07 03:23:48.833000000"
"364","37","625.1883460579538","908.7808271708468","2021-04-07 03:23:48.865000000"
"365","37","636.3980111977064","905.9297489572292","2021-04-07 03:23:48.896000000"
"366","37","596.1581714615079","733.9172490178198","2021-04-07 03:23:48.929000000"
"367","37","629.0546072632005","899.2049016450296","2021-04-07 03:23:48.961000000"
"368","37","816.6201086161971","654.7313436959791","2021-04-07 03:23:48.993000000"
"369","37","849.0900048815577","988.269691009891","2021-04-07 03:23:49.025000000"
"370","37","786.8557241664989","611.4390675887693","2021-04-07 03:23:49.057000000"
"371","38","531.4545545608738","740.4396704889723","2021-04-07 03:23:49.089000000"
"372","38","525.6948039103905","753.7674704233349","2021-04-07 03:23:49.121000000"
"373","38","745.8598607480271","885.1661120632186","2021-04-07 03:23:49.155000000"
"374","38","982.2798662090703","691.8902776158253","2021-04-07 03:23:49.187000000"
"375","38","624.1676017604609","797.8727664863877","2021-04-07 03:23:49.219000000"
"376","38","724.1375440243276","665.7643410284649","2021-04-07 03:23:49.251000000"
"377","38","532.8287136984126","842.7690752078606","2021-04-07 03:23:49.284000000"
"378","38","809.5855371861342","530.1042354274158","2021-04-07 03:23:49.316000000"
"379","38","780.2909217826686","638.4802666089411","2021-04-07 03:23:49.347000000"
"380","38","938.1526336347407","916.770059292855","2021-04-07 03:23:49.380000000"
"381","39","737.9747239603281","911.7151619445453","2021-04-07 03:23:49.412000000"
"382","39","977.3115861780635","667.3385817041611","2021-04-07 03:23:49.445000000"
"383","39","817.9489298114083","549.1819098773841","2021-04-07 03:23:49.477000000"
"384","39","569.9922094918691","635.5247698408216","2021-04-07 03:23:49.509000000"
"385","39","977.8917784281381","998.5372261693153","2021-04-07 03:23:49.541000000"
"386","39","605.907205926996","547.6387158654221","2021-04-07 03:23:49.573000000"
"387","39","748.2826957275028","822.3374615178573","2021-04-07 03:23:49.605000000"
"388","39","632.9240308749861","901.1697830642661","2021-04-07 03:23:49.636000000"
"389","39","898.0778715965331","510.67871453907645","2021-04-07 03:23:49.669000000"
"390","39","638.4315170122836","850.5711515109009","2021-04-07 03:23:49.701000000"
"391","40","536.6200642458974","947.948156775209","2021-04-07 03:23:49.732000000"
"392","40","500.050814757748","979.6990147450365","2021-04-07 03:23:49.764000000"
"393","40","649.6390601695518","750.0593720034924","2021-04-07 03:23:49.795000000"
"394","40","937.0551769304925","850.2454095715855","2021-04-07 03:23:49.828000000"
"395","40","747.2796174385103","884.7858224586133","2021-04-07 03:23:49.860000000"
"396","40","639.08902853741","681.7078282790735","2021-04-07 03:23:49.892000000"
"397","40","653.5505967234214","964.0396635698951","2021-04-07 03:23:49.924000000"
"398","40","719.8790104357931","886.2794882685616","2021-04-07 03:23:49.956000000"
"399","40","512.7534248341857","829.1601394642184","2021-04-07 03:23:49.988000000"
"400","40","972.4419576431593","800.3759772118433","2021-04-07 03:23:50.022000000"
"401","41","816.4724147026416","784.927983243389","2021-04-07 03:23:50.057000000"
"402","41","965.6932721561573","825.8998719430813","2021-04-07 03:23:50.090000000"
"403","41","704.9350242075657","646.9652491700701","2021-04-07 03:23:50.123000000"
"404","41","863.5103431162478","712.0543102968236","2021-04-07 03:23:50.156000000"
"405","41","804.6013977599858","748.2592978439295","2021-04-07 03:23:50.188000000"
"406","41","948.615736254792","980.4658693016481","2021-04-07 03:23:50.220000000"
"407","41","717.1660152349392","649.1887546206647","2021-04-07 03:23:50.252000000"
"408","41","783.8856900661469","535.6411252374091","2021-04-07 03:23:50.284000000"
"409","41","990.6622313355581","651.753133504427","2021-04-07 03:23:50.316000000"
"410","41","743.9375917231133","872.2186356679185","2021-04-07 03:23:50.348000000"
"411","42","570.9921499654502","946.2012627975461","2021-04-07 03:23:50.381000000"
"412","42","531.6954198957458","825.0750726346546","2021-04-07 03:23:50.413000000"
"413","42","675.9915923166066","784.8649029028713","2021-04-07 03:23:50.445000000"
"414","42","750.0543118587595","843.0885407085594","2021-04-07 03:23:50.476000000"
"415","42","639.0072731280467","598.2521228441492","2021-04-07 03:23:50.508000000"
"416","42","865.5013060546166","714.0790360343701","2021-04-07 03:23:50.540000000"
"417","42","890.3030462226624","652.9044174724934","2021-04-07 03:23:50.571000000"
"418","42","721.6886405786801","624.7118448506809","2021-04-07 03:23:50.603000000"
"419","42","790.8331204489075","798.949044028552","2021-04-07 03:23:50.635000000"
"420","42","872.0713814911767","881.9477183138108","2021-04-07 03:23:50.667000000"
"421","43","595.1060534534996","800.3778068370098","2021-04-07 03:23:50.699000000"
"422","43","783.7059015795762","943.0300591952573","2021-04-07 03:23:50.731000000"
"423","43","862.507382633639","982.8579375054413","2021-04-07 03:23:50.763000000"
"424","43","821.740371954392","518.0304211526804","2021-04-07 03:23:50.794000000"
"425","43","682.8151024766348","560.8005634987215","2021-04-07 03:23:50.826000000"
"426","43","677.4084166029488","956.2282593609314","2021-04-07 03:23:50.858000000"
"427","43","825.2365549929289","627.5871481235158","2021-04-07 03:23:50.890000000"
"428","43","610.6695547321921","709.6043587369504","2021-04-07 03:23:50.922000000"
"429","43","531.2026412506339","834.5671596639022","2021-04-07 03:23:50.954000000"
"430","43","666.1424895771338","575.9559287764932","2021-04-07 03:23:50.986000000"
"431","44","540.8378739305078","803.8152001621544","2021-04-07 03:23:51.017000000"
"432","44","713.6624052512328","580.3794439824162","2021-04-07 03:23:51.049000000"
"433","44","544.1142510878299","625.140553122682","2021-04-07 03:23:51.081000000"
"434","44","680.6922366182164","922.3290086415702","2021-04-07 03:23:51.113000000"
"435","44","547.3499273215643","856.9165338158884","2021-04-07 03:23:51.145000000"
"436","44","953.8128771310103","918.9794249599497","2021-04-07 03:23:51.177000000"
"437","44","591.7657632695516","757.1465087500806","2021-04-07 03:23:51.210000000"
"438","44","975.2908474071794","592.8007110437397","2021-04-07 03:23:51.241000000"
"439","44","662.8180195873127","977.3620127781853","2021-04-07 03:23:51.273000000"
"440","44","976.5190043321261","709.7088731959448","2021-04-07 03:23:51.305000000"
"441","45","946.3261453518505","811.2079424794402","2021-04-07 03:23:51.337000000"
"442","45","803.6621188165761","764.7859223612932","2021-04-07 03:23:51.369000000"
"443","45","572.9257156381731","971.053477145619","2021-04-07 03:23:51.401000000"
"444","45","945.9493631462979","911.6862542996623","2021-04-07 03:23:51.432000000"
"445","45","518.2650523793232","695.423749456611","2021-04-07 03:23:51.464000000"
"446","45","542.4516479471024","864.0563765664463","2021-04-07 03:23:51.495000000"
"447","45","671.0973130378741","509.21066972345767","2021-04-07 03:23:51.527000000"
"448","45","913.6725512389221","694.647269955462","2021-04-07 03:23:51.559000000"
"449","45","607.2754394123494","984.6935856360528","2021-04-07 03:23:51.590000000"
"450","45","753.1026477733044","518.9156453401083","2021-04-07 03:23:51.622000000"
"451","46","934.6243017123063","814.6978235293423","2021-04-07 03:23:51.654000000"
"452","46","589.2815560845688","808.7805613162086","2021-04-07 03:23:51.686000000"
"453","46","791.6813597331117","883.0520890534274","2021-04-07 03:23:51.717000000"
"454","46","861.9676509213771","580.6619745975809","2021-04-07 03:23:51.750000000"
"455","46","816.7139491413639","565.2116843561329","2021-04-07 03:23:51.782000000"
"456","46","629.852815811109","736.6835107470113","2021-04-07 03:23:51.814000000"
"457","46","968.2082995531543","863.664532703541","2021-04-07 03:23:51.845000000"
"458","46","698.5835789869686","642.7090346158255","2021-04-07 03:23:51.877000000"
"459","46","985.7469073550842","814.1790546241231","2021-04-07 03:23:51.910000000"
"460","46","611.5506180096073","576.4313620952386","2021-04-07 03:23:51.942000000"
"461","47","774.6991362438487","923.6426082439084","2021-04-07 03:23:51.974000000"
"462","47","715.9014017324611","830.7772369976562","2021-04-07 03:23:52.005000000"
"463","47","816.8306539224309","904.7995631600918","2021-04-07 03:23:52.037000000"
"464","47","740.8559895880524","929.9746850128672","2021-04-07 03:23:52.069000000"
"465","47","973.7359422418529","570.2221547741145","2021-04-07 03:23:52.101000000"
"466","47","912.4689134493708","920.8774461134533","2021-04-07 03:23:52.133000000"
"467","47","939.7943548843541","670.9448902936986","2021-04-07 03:23:52.165000000"
"468","47","666.4688358318443","760.6000498594115","2021-04-07 03:23:52.197000000"
"469","47","679.7876515103814","619.5783678668295","2021-04-07 03:23:52.229000000"
"470","47","749.696141132576","884.8922063436469","2021-04-07 03:23:52.261000000"
"471","48","905.7687278464341","534.8609920215147","2021-04-07 03:23:52.293000000"
"472","48","856.4297346843466","737.7398538287554","2021-04-07 03:23:52.324000000"
"473","48","705.1014070347528","699.9938145392045","2021-04-07 03:23:52.356000000"
"474","48","709.3462784711572","500.8074538080301","2021-04-07 03:23:52.388000000"
"475","48","693.4679977369028","909.0131560292057","2021-04-07 03:23:52.420000000"
"476","48","964.5823503008244","584.8244714919828","2021-04-07 03:23:52.451000000"
"477","48","583.1562881068305","845.2047710045326","2021-04-07 03:23:52.483000000"
"478","48","523.3129730742119","910.3961256290389","2021-04-07 03:23:52.515000000"
"479","48","604.9680938898717","680.4429991117652","2021-04-07 03:23:52.546000000"
"480","48","842.4931811777843","940.7557369443155","2021-04-07 03:23:52.578000000"
"481","49","771.9283156429362","534.8764450607309","2021-04-07 03:23:52.610000000"
"482","49","870.0529835728859","990.9931606119687","2021-04-07 03:23:52.642000000"
"483","49","651.1421398715136","789.6667333254734","2021-04-07 03:23:52.673000000"
"484","49","733.2012981883048","676.6745875093658","2021-04-07 03:23:52.706000000"
"485","49","842.9185546571437","779.1631153477995","2021-04-07 03:23:52.738000000"
"486","49","651.8115871157129","736.4139764392257","2021-04-07 03:23:52.770000000"
"487","49","537.5909830242522","610.2253295233379","2021-04-07 03:23:52.802000000"
"488","49","775.4525489779962","916.8463908181825","2021-04-07 03:23:52.834000000"
"489","49","657.7876337593178","857.0214542291578","2021-04-07 03:23:52.866000000"
"490","49","839.0440543402256","568.9736475766985","2021-04-07 03:23:52.898000000"
"491","50","874.456866191267","530.9185646519309","2021-04-07 03:23:52.929000000"
"492","50","691.1965226314312","519.2410694561027","2021-04-07 03:23:52.962000000"
"493","50","610.208090164226","551.576245116772","2021-04-07 03:23:52.993000000"
"494","50","803.7483945775573","656.8987192321076","2021-04-07 03:23:53.025000000"
"495","50","665.687429694053","838.0396233593216","2021-04-07 03:23:53.057000000"
"496","50","594.2270861345775","713.2018388250406","2021-04-07 03:23:53.089000000"
"497","50","887.0187334949226","818.8371043819055","2021-04-07 03:23:53.120000000"
"498","50","694.6818285059662","530.3567041011984","2021-04-07 03:23:53.152000000"
"499","50","533.7263098699752","667.670307698434","2021-04-07 03:23:53.185000000"
"500","50","855.4004470086148","544.3163412820462","2021-04-07 03:23:53.217000000"
"501","51","709.8547198567868","853.5301083797908","2021-04-07 03:23:53.249000000"
"502","51","856.2529881262569","749.2746826880441","2021-04-07 03:23:53.280000000"
"503","51","856.191985618693","682.6294097310495","2021-04-07 03:23:53.312000000"
"504","51","569.5576441334849","668.7314924448099","2021-04-07 03:23:53.344000000"
"505","51","722.9005613396577","816.4771001674383","2021-04-07 03:23:53.376000000"
"506","51","808.9587147296702","701.1385926814576","2021-04-07 03:23:53.407000000"
"507","51","895.3732280377158","944.0501727894526","2021-04-07 03:23:53.439000000"
"508","51","914.3172657512953","914.1468373566765","2021-04-07 03:23:53.471000000"
"509","51","648.5925806674898","809.1851898905963","2021-04-07 03:23:53.502000000"
"510","51","982.1292681616851","623.7277698434841","2021-04-07 03:23:53.534000000"
"511","52","879.5497137770358","656.9817486457703","2021-04-07 03:23:53.566000000"
"512","52","851.688049011876","841.468362230723","2021-04-07 03:23:53.598000000"
"513","52","961.9985722480831","914.1473385609106","2021-04-07 03:23:53.630000000"
"514","52","779.5878480188808","632.8826136521485","2021-04-07 03:23:53.663000000"
"515","52","920.4081870327778","843.4963391910528","2021-04-07 03:23:53.695000000"
"516","52","679.3964734207935","556.3857251309768","2021-04-07 03:23:53.726000000"
"517","52","896.0728757297835","775.7389408427225","2021-04-07 03:23:53.758000000"
"518","52","850.5664386677926","772.0107706383848","2021-04-07 03:23:53.790000000"
"519","52","911.8591423770706","749.096629519734","2021-04-07 03:23:53.823000000"
"520","52","606.9917267671885","647.414129817065","2021-04-07 03:23:53.855000000"
"521","53","737.0741413461401","981.0984799827663","2021-04-07 03:23:53.887000000"
"522","53","608.51653907976","969.3055558961817","2021-04-07 03:23:53.919000000"
"523","53","875.914210113682","912.4684224953405","2021-04-07 03:23:53.951000000"
"524","53","909.582371607007","965.1569739054069","2021-04-07 03:23:53.983000000"
"525","53","894.7251393436029","663.9023339713665","2021-04-07 03:23:54.014000000"
"526","53","752.8205814672401","547.429340594967","2021-04-07 03:23:54.046000000"
"527","53","803.8676050615893","993.5811728084371","2021-04-07 03:23:54.078000000"
"528","53","909.1287373126588","995.9381677561713","2021-04-07 03:23:54.110000000"
"529","53","830.1450482588439","825.0280406438671","2021-04-07 03:23:54.142000000"
"530","53","814.3730465796257","673.4403660655596","2021-04-07 03:23:54.174000000"
"531","54","880.5494544923937","560.4037531379445","2021-04-07 03:23:54.206000000"
"532","54","912.4218162351314","835.4162526900792","2021-04-07 03:23:54.238000000"
"533","54","833.371450365707","704.6668435007697","2021-04-07 03:23:54.270000000"
"534","54","703.2046358204067","770.1161005169633","2021-04-07 03:23:54.302000000"
"535","54","955.8066008927942","752.1771618294454","2021-04-07 03:23:54.334000000"
"536","54","570.7587082873769","544.3718227026003","2021-04-07 03:23:54.366000000"
"537","54","797.8467182313134","621.7913106033084","2021-04-07 03:23:54.399000000"
"538","54","795.4121786991079","544.1722403230593","2021-04-07 03:23:54.431000000"
"539","54","725.9539347369937","701.0940391445238","2021-04-07 03:23:54.464000000"
"540","54","804.8782959074226","875.9867859454614","2021-04-07 03:23:54.497000000"
"541","55","815.7310211643616","564.2193253225422","2021-04-07 03:23:54.530000000"
"542","55","739.5228032453678","921.5781923191471","2021-04-07 03:23:54.563000000"
"543","55","714.3094211640296","613.4718274128988","2021-04-07 03:23:54.595000000"
"544","55","853.5554226460963","571.472777502098","2021-04-07 03:23:54.627000000"
"545","55","524.283847571485","939.6115207554489","2021-04-07 03:23:54.659000000"
"546","55","701.6565070188892","724.3748534216805","2021-04-07 03:23:54.691000000"
"547","55","532.5466231031746","565.8400293456838","2021-04-07 03:23:54.723000000"
"548","55","973.1266557934315","972.4596898667985","2021-04-07 03:23:54.755000000"
"549","55","697.1576233546331","968.3514388724329","2021-04-07 03:23:54.787000000"
"550","55","543.6980637284543","827.058515995415","2021-04-07 03:23:54.819000000"
"551","56","692.2435697578903","772.118656575868","2021-04-07 03:23:54.851000000"
"552","56","848.83909030426","846.8038424704123","2021-04-07 03:23:54.884000000"
"553","56","740.2159075872215","554.6628745415311","2021-04-07 03:23:54.917000000"
"554","56","581.271254111914","913.8667153312256","2021-04-07 03:23:54.949000000"
"555","56","668.4049474186306","954.2569664398632","2021-04-07 03:23:54.983000000"
"556","56","631.8934827745838","747.561774458329","2021-04-07 03:23:55.016000000"
"557","56","866.744938936837","983.179523905921","2021-04-07 03:23:55.049000000"
"558","56","678.8217448157184","632.5436908508652","2021-04-07 03:23:55.082000000"
"559","56","898.231546053747","820.388214443477","2021-04-07 03:23:55.114000000"
"560","56","956.0542051904749","565.8822082322324","2021-04-07 03:23:55.147000000"
"561","57","828.7114805219771","959.7436888739389","2021-04-07 03:23:55.180000000"
"562","57","852.0770878566691","988.6704598735639","2021-04-07 03:23:55.212000000"
"563","57","773.8431103019166","728.2601750083365","2021-04-07 03:23:55.244000000"
"564","57","728.1697501048807","742.67902399841","2021-04-07 03:23:55.276000000"
"565","57","995.3348549476573","903.1911973024728","2021-04-07 03:23:55.309000000"
"566","57","718.627178435213","807.5710245289767","2021-04-07 03:23:55.342000000"
"567","57","611.7667728437958","579.4733061752138","2021-04-07 03:23:55.375000000"
"568","57","852.1659300392016","955.0726431209221","2021-04-07 03:23:55.407000000"
"569","57","931.6669751896534","644.1344147246048","2021-04-07 03:23:55.440000000"
"570","57","662.4215527639599","622.5469296747619","2021-04-07 03:23:55.473000000"
"571","58","627.3505219811234","679.7938411852867","2021-04-07 03:23:55.505000000"
"572","58","554.0483394461152","880.9015607003132","2021-04-07 03:23:55.538000000"
"573","58","705.1688738229752","793.4086253494315","2021-04-07 03:23:55.570000000"
"574","58","588.658558034262","608.3970320541029","2021-04-07 03:23:55.604000000"
"575","58","621.0795395098974","713.794038238492","2021-04-07 03:23:55.637000000"
"576","58","779.5786498799208","698.1578690309356","2021-04-07 03:23:55.669000000"
"577","58","546.5985568300653","869.7448593521829","2021-04-07 03:23:55.701000000"
"578","58","995.9058130095987","598.7593726224957","2021-04-07 03:23:55.734000000"
"579","58","602.7898480992486","860.5618556128136","2021-04-07 03:23:55.767000000"
"580","58","709.9245822292438","658.5478453624655","2021-04-07 03:23:55.799000000"
"581","59","795.2206277610352","623.1546075755232","2021-04-07 03:23:55.831000000"
"582","59","964.7397392929983","518.805140979236","2021-04-07 03:23:55.864000000"
"583","59","549.3333057815106","969.7651722403932","2021-04-07 03:23:55.896000000"
"584","59","550.5068435533674","894.970689227336","2021-04-07 03:23:55.928000000"
"585","59","827.8384611243164","758.88395908047","2021-04-07 03:23:55.961000000"
"586","59","637.888587443873","923.1358786891637","2021-04-07 03:23:55.993000000"
"587","59","663.311048031313","998.4224208131802","2021-04-07 03:23:56.026000000"
"588","59","890.138908272911","626.5773098697262","2021-04-07 03:23:56.059000000"
"589","59","949.584479888624","561.2614960841046","2021-04-07 03:23:56.091000000"
"590","59","699.8875487766511","692.7313311963835","2021-04-07 03:23:56.123000000"
"591","60","506.6013419895077","648.5750266806698","2021-04-07 03:23:56.156000000"
"592","60","742.1047444251371","898.2626173409618","2021-04-07 03:23:56.188000000"
"593","60","673.8608164797083","527.2967537179327","2021-04-07 03:23:56.220000000"
"594","60","740.3394083443073","603.0656659146993","2021-04-07 03:23:56.253000000"
"595","60","642.6749028045846","867.8949368589334","2021-04-07 03:23:56.284000000"
"596","60","565.594160322258","701.950030700181","2021-04-07 03:23:56.316000000"
"597","60","893.272627732769","755.711804856463","2021-04-07 03:23:56.347000000"
"598","60","809.3331194724376","980.7636931323901","2021-04-07 03:23:56.379000000"
"599","60","899.0791688823581","597.4456787856773","2021-04-07 03:23:56.410000000"
"600","60","620.4387486685687","706.0607684957469","2021-04-07 03:23:56.442000000"
"601","61","523.8984317614016","844.6630691783763","2021-04-07 03:23:56.473000000"
"602","61","879.7416404039686","900.4652233556018","2021-04-07 03:23:56.505000000"
"603","61","601.8910816397449","921.2597841918794","2021-04-07 03:23:56.536000000"
"604","61","886.233968110982","775.8522682784563","2021-04-07 03:23:56.568000000"
"605","61","611.2634742824363","952.3849612002505","2021-04-07 03:23:56.599000000"
"606","61","921.969118148628","757.3490457998907","2021-04-07 03:23:56.631000000"
"607","61","948.3449774221781","978.6825883565048","2021-04-07 03:23:56.663000000"
"608","61","577.1949775354728","745.2468994482316","2021-04-07 03:23:56.695000000"
"609","61","856.182796421244","978.3471969432072","2021-04-07 03:23:56.728000000"
"610","61","602.4572553017806","858.0492402920197","2021-04-07 03:23:56.759000000"
"611","62","757.628114314577","677.8402992792704","2021-04-07 03:23:56.791000000"
"612","62","728.8655985061414","868.4747880570812","2021-04-07 03:23:56.823000000"
"613","62","810.6777442174218","503.3058696890966","2021-04-07 03:23:56.854000000"
"614","62","850.5988004521173","621.6431703192128","2021-04-07 03:23:56.886000000"
"615","62","709.2707125551387","776.4549767900005","2021-04-07 03:23:56.918000000"
"616","62","878.9364440481559","990.5579297546487","2021-04-07 03:23:56.950000000"
"617","62","585.682138014755","817.3434492365866","2021-04-07 03:23:56.982000000"
"618","62","796.8764572915588","999.1281217258165","2021-04-07 03:23:57.014000000"
"619","62","816.4147580678089","765.1109929952187","2021-04-07 03:23:57.047000000"
"620","62","998.0675609001387","802.8310668010286","2021-04-07 03:23:57.080000000"
"621","63","723.2995110376819","709.512302726013","2021-04-07 03:23:57.113000000"
"622","63","860.280169270171","703.0287986978378","2021-04-07 03:23:57.145000000"
"623","63","797.8122251895265","602.248135175338","2021-04-07 03:23:57.177000000"
"624","63","873.6791111130703","896.1127789025217","2021-04-07 03:23:57.209000000"
"625","63","669.5578252394755","867.9255932770595","2021-04-07 03:23:57.242000000"
"626","63","756.6515175495706","962.4170298827937","2021-04-07 03:23:57.274000000"
"627","63","908.355642483004","985.9408498346286","2021-04-07 03:23:57.306000000"
"628","63","723.9724563494558","986.0128601539767","2021-04-07 03:23:57.340000000"
"629","63","864.4261289231251","636.4883545636835","2021-04-07 03:23:57.372000000"
"630","63","516.9516491370156","531.9028840514959","2021-04-07 03:23:57.405000000"
"631","64","695.2174065041274","768.5708311770355","2021-04-07 03:23:57.437000000"
"632","64","805.1624813998593","847.1182779994973","2021-04-07 03:23:57.471000000"
"633","64","940.7360596311353","558.3848198658668","2021-04-07 03:23:57.502000000"
"634","64","572.9886705097639","732.5228295966913","2021-04-07 03:23:57.534000000"
"635","64","720.2217678860519","562.6322669496999","2021-04-07 03:23:57.566000000"
"636","64","778.7806740229714","978.9775537783605","2021-04-07 03:23:57.598000000"
"637","64","721.0805229243026","907.0437596315285","2021-04-07 03:23:57.630000000"
"638","64","651.5387323611504","933.2839199685728","2021-04-07 03:23:57.662000000"
"639","64","860.8884576343246","983.5123317173468","2021-04-07 03:23:57.693000000"
"640","64","720.7650787458698","542.8795364416425","2021-04-07 03:23:57.726000000"
"641","65","673.4020384632335","636.6763269102726","2021-04-07 03:23:57.758000000"
"642","65","638.4217804317394","675.6442084661537","2021-04-07 03:23:57.790000000"
"643","65","598.2927617114401","978.3371366394634","2021-04-07 03:23:57.822000000"
"644","65","806.1902775302506","689.2606534324727","2021-04-07 03:23:57.855000000"
"645","65","775.8030299544084","707.5700588136222","2021-04-07 03:23:57.887000000"
"646","65","574.8100552290164","573.3558660663857","2021-04-07 03:23:57.919000000"
"647","65","917.4994362714613","563.5584389519324","2021-04-07 03:23:57.952000000"
"648","65","782.6672733953238","541.268482161634","2021-04-07 03:23:57.985000000"
"649","65","704.8806157630286","680.9074498308554","2021-04-07 03:23:58.017000000"
"650","65","735.259282531119","999.2343657947588","2021-04-07 03:23:58.049000000"
"651","66","771.8017580174703","982.9470502701863","2021-04-07 03:23:58.081000000"
"652","66","690.937991636363","698.7817700189889","2021-04-07 03:23:58.113000000"
"653","66","880.8566086245045","866.0437479470534","2021-04-07 03:23:58.144000000"
"654","66","769.9824162063342","609.1455691342813","2021-04-07 03:23:58.177000000"
"655","66","722.6804014660355","632.7756674830863","2021-04-07 03:23:58.208000000"
"656","66","851.2293448182484","895.7654278692403","2021-04-07 03:23:58.241000000"
"657","66","675.1474828419038","594.6336506915981","2021-04-07 03:23:58.273000000"
"658","66","741.7632025914517","941.2216792773827","2021-04-07 03:23:58.305000000"
"659","66","983.4819169975392","797.5657162690441","2021-04-07 03:23:58.337000000"
"660","66","579.751503820974","877.4953418126606","2021-04-07 03:23:58.370000000"
"661","67","581.3920922475767","766.6488221097216","2021-04-07 03:23:58.401000000"
"662","67","868.077023685982","541.5959684433027","2021-04-07 03:23:58.434000000"
"663","67","548.0058782178069","770.9714185083061","2021-04-07 03:23:58.466000000"
"664","67","965.8272310308024","546.7296415015528","2021-04-07 03:23:58.497000000"
"665","67","875.6349304403445","769.3979938450846","2021-04-07 03:23:58.530000000"
"666","67","528.224163979208","802.7048539657471","2021-04-07 03:23:58.561000000"
"667","67","903.3487522417248","787.5569531192785","2021-04-07 03:23:58.593000000"
"668","67","570.7969099566842","699.0244594565246","2021-04-07 03:23:58.625000000"
"669","67","835.6896909581167","701.6939150965607","2021-04-07 03:23:58.657000000"
"670","67","716.5289243465932","641.6861514404893","2021-04-07 03:23:58.689000000"
"671","68","757.7554335552411","626.6412991041079","2021-04-07 03:23:58.720000000"
"672","68","774.4352626185785","560.1220102241688","2021-04-07 03:23:58.752000000"
"673","68","652.1614952425291","919.8393217182071","2021-04-07 03:23:58.784000000"
"674","68","888.201593106023","937.9672476425844","2021-04-07 03:23:58.817000000"
"675","68","938.5401115787843","782.5652207115169","2021-04-07 03:23:58.849000000"
"676","68","800.7797694413247","867.9765270163696","2021-04-07 03:23:58.881000000"
"677","68","760.8797301176559","831.4108398907382","2021-04-07 03:23:58.913000000"
"678","68","772.0895818199363","542.7109572365831","2021-04-07 03:23:58.944000000"
"679","68","726.2603911673592","520.884174428605","2021-04-07 03:23:58.976000000"
"680","68","530.7048352035176","676.5304749566612","2021-04-07 03:23:59.008000000"
"681","69","805.8077289037662","929.0954747021825","2021-04-07 03:23:59.040000000"
"682","69","671.9951282081695","829.7862535161264","2021-04-07 03:23:59.072000000"
"683","69","744.3135437929786","870.581932505286","2021-04-07 03:23:59.104000000"
"684","69","610.8293571767028","823.9395896702183","2021-04-07 03:23:59.135000000"
"685","69","592.0957208822","587.1980549991683","2021-04-07 03:23:59.167000000"
"686","69","940.0665231902283","968.6258504905993","2021-04-07 03:23:59.198000000"
"687","69","975.5987358153866","817.8579746981468","2021-04-07 03:23:59.230000000"
"688","69","775.830733281214","850.0296295040738","2021-04-07 03:23:59.261000000"
"689","69","734.642837576881","731.7564502601386","2021-04-07 03:23:59.293000000"
"690","69","649.9084109392795","880.655316798283","2021-04-07 03:23:59.324000000"
"691","70","964.0491265807541","588.5231897698245","2021-04-07 03:23:59.356000000"
"692","70","686.8324347147401","702.9135723274381","2021-04-07 03:23:59.387000000"
"693","70","515.5165551266434","965.5078984034731","2021-04-07 03:23:59.419000000"
"694","70","803.2877458311442","691.3694053009826","2021-04-07 03:23:59.450000000"
"695","70","874.2600868861025","532.4443656257636","2021-04-07 03:23:59.482000000"
"696","70","773.0499464110084","521.1177653615248","2021-04-07 03:23:59.514000000"
"697","70","706.4618781207124","596.958305156792","2021-04-07 03:23:59.545000000"
"698","70","769.04810627084","581.2645291571283","2021-04-07 03:23:59.577000000"
"699","70","539.7043208442184","944.033398584622","2021-04-07 03:23:59.608000000"
"700","70","802.2298193699046","714.7457508633033","2021-04-07 03:23:59.640000000"
"701","71","867.3215633120733","839.4775754701141","2021-04-07 03:23:59.671000000"
"702","71","744.3702506988162","680.2626775311212","2021-04-07 03:23:59.703000000"
"703","71","545.2810344019234","677.9581499647632","2021-04-07 03:23:59.734000000"
"704","71","792.8722395990047","939.2198656909682","2021-04-07 03:23:59.766000000"
"705","71","709.1600224500028","678.2887210523592","2021-04-07 03:23:59.797000000"
"706","71","776.5225634600295","828.6836811174276","2021-04-07 03:23:59.829000000"
"707","71","875.6768121015565","618.1419825000442","2021-04-07 03:23:59.860000000"
"708","71","927.8850977041957","708.3281479134398","2021-04-07 03:23:59.892000000"
"709","71","551.2033207264271","695.8734509840043","2021-04-07 03:23:59.923000000"
"710","71","944.1896643388224","897.9139708267558","2021-04-07 03:23:59.955000000"
"711","72","646.129309554711","742.9828699422458","2021-04-07 03:23:59.987000000"
"712","72","796.1058732406661","641.9833549350985","2021-04-07 03:24:00.018000000"
"713","72","947.9378236991879","555.2744102085668","2021-04-07 03:24:00.050000000"
"714","72","622.4572505343756","847.7498879622395","2021-04-07 03:24:00.081000000"
"715","72","731.5837629904183","539.3231794444825","2021-04-07 03:24:00.113000000"
"716","72","736.0493083111517","554.8179809005554","2021-04-07 03:24:00.145000000"
"717","72","601.9039465413204","847.4403763022697","2021-04-07 03:24:00.177000000"
"718","72","960.1019640615287","758.1974593909455","2021-04-07 03:24:00.208000000"
"719","72","775.0109132648513","917.0898836832698","2021-04-07 03:24:00.239000000"
"720","72","509.7210795817812","923.4941205912237","2021-04-07 03:24:00.271000000"
"721","73","824.525124837152","769.8884669757931","2021-04-07 03:24:00.302000000"
"722","73","827.325424545852","940.7800570927972","2021-04-07 03:24:00.334000000"
"723","73","607.9451684213564","980.8873569529806","2021-04-07 03:24:00.365000000"
"724","73","543.3525392004151","921.6913039550698","2021-04-07 03:24:00.397000000"
"725","73","606.123188617224","735.6890739213779","2021-04-07 03:24:00.429000000"
"726","73","569.256341819887","868.4374204697817","2021-04-07 03:24:00.461000000"
"727","73","946.8764018916916","835.7811148924538","2021-04-07 03:24:00.493000000"
"728","73","972.0386111268278","726.3402877070147","2021-04-07 03:24:00.524000000"
"729","73","649.1728270474498","817.5833859907668","2021-04-07 03:24:00.556000000"
"730","73","905.4737480526792","791.3513672537753","2021-04-07 03:24:00.588000000"
"731","74","856.1384329239547","562.5688748305089","2021-04-07 03:24:00.620000000"
"732","74","670.3529110638424","828.9401892927586","2021-04-07 03:24:00.652000000"
"733","74","747.7126535643805","637.9765867522037","2021-04-07 03:24:00.683000000"
"734","74","544.4196405122799","860.8479306396791","2021-04-07 03:24:00.715000000"
"735","74","543.0191300452423","825.2965739713154","2021-04-07 03:24:00.747000000"
"736","74","974.452116597115","899.2463361974991","2021-04-07 03:24:00.779000000"
"737","74","668.7890626019087","936.2776051405009","2021-04-07 03:24:00.810000000"
"738","74","988.7950681999787","730.0727070323483","2021-04-07 03:24:00.842000000"
"739","74","733.4245164781591","825.6298056398115","2021-04-07 03:24:00.874000000"
"740","74","542.4883124602048","963.9843250289553","2021-04-07 03:24:00.906000000"
"741","75","849.5425416024306","639.033887923886","2021-04-07 03:24:00.938000000"
"742","75","821.4470526420663","919.5292736671429","2021-04-07 03:24:00.969000000"
"743","75","970.442633522603","700.1863928772036","2021-04-07 03:24:01.001000000"
"744","75","914.2886383334496","661.5030937762588","2021-04-07 03:24:01.033000000"
"745","75","842.602584091454","778.4180614323234","2021-04-07 03:24:01.065000000"
"746","75","777.8001203325018","654.4984889427694","2021-04-07 03:24:01.098000000"
"747","75","699.9189535245488","626.1765839559077","2021-04-07 03:24:01.130000000"
"748","75","661.4172824115847","676.4168179860501","2021-04-07 03:24:01.161000000"
"749","75","690.6664287074248","558.44728561316","2021-04-07 03:24:01.193000000"
"750","75","634.8216215826787","545.186608026142","2021-04-07 03:24:01.225000000"
"751","76","717.7448193940342","974.2557584208125","2021-04-07 03:24:01.257000000"
"752","76","792.2991510071695","910.491656672483","2021-04-07 03:24:01.289000000"
"753","76","801.4909930732147","600.5554799554932","2021-04-07 03:24:01.321000000"
"754","76","681.3594854687772","759.0188859392154","2021-04-07 03:24:01.353000000"
"755","76","592.8601757394442","787.9774114020736","2021-04-07 03:24:01.385000000"
"756","76","820.3439257413288","967.2664415279813","2021-04-07 03:24:01.417000000"
"757","76","715.6625008801183","942.9610559018603","2021-04-07 03:24:01.449000000"
"758","76","756.4345429095433","620.685413664472","2021-04-07 03:24:01.481000000"
"759","76","606.5099032747991","776.9081291482402","2021-04-07 03:24:01.512000000"
"760","76","839.8086821488666","921.2683371740103","2021-04-07 03:24:01.544000000"
"761","77","566.0219316861319","696.651987215487","2021-04-07 03:24:01.576000000"
"762","77","799.0806843592909","781.7558597516627","2021-04-07 03:24:01.608000000"
"763","77","550.7054734508796","781.8812975342355","2021-04-07 03:24:01.639000000"
"764","77","504.68386946519587","575.8635177882215","2021-04-07 03:24:01.671000000"
"765","77","977.1648462679468","984.3295274324604","2021-04-07 03:24:01.702000000"
"766","77","561.7906547160554","590.4864776741423","2021-04-07 03:24:01.734000000"
"767","77","671.7890167351453","736.5026762516317","2021-04-07 03:24:01.765000000"
"768","77","598.4685385459693","756.2908434680162","2021-04-07 03:24:01.798000000"
"769","77","782.498326491435","855.8377600379557","2021-04-07 03:24:01.829000000"
"770","77","679.610626793633","638.412321644268","2021-04-07 03:24:01.862000000"
"771","78","714.0509994180711","712.3570866797012","2021-04-07 03:24:01.893000000"
"772","78","952.1832415949261","705.8945505712257","2021-04-07 03:24:01.926000000"
"773","78","774.6716546498319","858.4847806951127","2021-04-07 03:24:01.957000000"
"774","78","947.1240987324643","659.3985138891601","2021-04-07 03:24:01.989000000"
"775","78","569.9573573624109","647.0482473764857","2021-04-07 03:24:02.020000000"
"776","78","763.8056363738517","638.5198505757513","2021-04-07 03:24:02.052000000"
"777","78","723.5934522218581","909.3379786693781","2021-04-07 03:24:02.084000000"
"778","78","981.866315765438","839.112718435087","2021-04-07 03:24:02.115000000"
"779","78","566.1769844427714","652.2812580181177","2021-04-07 03:24:02.147000000"
"780","78","695.196445196909","533.0424078063419","2021-04-07 03:24:02.179000000"
"781","79","793.6588528881898","578.4614157991177","2021-04-07 03:24:02.210000000"
"782","79","868.9865747298091","514.186473473426","2021-04-07 03:24:02.242000000"
"783","79","524.374967371529","917.0990971289018","2021-04-07 03:24:02.274000000"
"784","79","644.0026150575868","531.1550405234357","2021-04-07 03:24:02.306000000"
"785","79","903.4063659258937","539.9940449907824","2021-04-07 03:24:02.337000000"
"786","79","661.6461220397282","548.0317889324342","2021-04-07 03:24:02.369000000"
"787","79","679.164511476047","621.4649622949912","2021-04-07 03:24:02.401000000"
"788","79","534.0714459625691","503.96360595733563","2021-04-07 03:24:02.433000000"
"789","79","553.1619439108381","968.1643192122699","2021-04-07 03:24:02.465000000"
"790","79","896.9232798273339","774.2194351530886","2021-04-07 03:24:02.496000000"
"791","80","959.6567398372381","836.2885387373617","2021-04-07 03:24:02.528000000"
"792","80","583.6025343330235","989.1675118528395","2021-04-07 03:24:02.560000000"
"793","80","608.5992137298816","611.1957492508478","2021-04-07 03:24:02.592000000"
"794","80","816.5066050604187","847.1324995592573","2021-04-07 03:24:02.624000000"
"795","80","549.8482581188928","747.7950760924418","2021-04-07 03:24:02.655000000"
"796","80","587.2420430054367","689.2299594613883","2021-04-07 03:24:02.687000000"
"797","80","618.5189364325836","626.6745059098754","2021-04-07 03:24:02.718000000"
"798","80","743.3536429282119","790.3847082449188","2021-04-07 03:24:02.750000000"
"799","80","748.4428041189017","547.8858979788795","2021-04-07 03:24:02.782000000"
"800","80","649.2933552500622","608.7959701793294","2021-04-07 03:24:02.814000000"
"801","81","950.6291651706026","684.7579142356171","2021-04-07 03:24:02.846000000"
"802","81","770.5276856375483","558.2109888108382","2021-04-07 03:24:02.879000000"
"803","81","594.9398348513062","728.7868065099824","2021-04-07 03:24:02.910000000"
"804","81","635.9737146572902","796.4630234143601","2021-04-07 03:24:02.942000000"
"805","81","899.4718007582221","563.4407283000013","2021-04-07 03:24:02.974000000"
"806","81","719.6890029717289","806.9741522536905","2021-04-07 03:24:03.006000000"
"807","81","521.260368191361","678.3264837838677","2021-04-07 03:24:03.037000000"
"808","81","624.1055406100749","718.7572710435886","2021-04-07 03:24:03.069000000"
"809","81","555.388243391935","880.232892958278","2021-04-07 03:24:03.101000000"
"810","81","865.8146275781326","851.1554643491006","2021-04-07 03:24:03.133000000"
"811","82","840.2619866871491","636.899584608343","2021-04-07 03:24:03.165000000"
"812","82","589.9934579085713","756.548972700313","2021-04-07 03:24:03.196000000"
"813","82","746.9759962533044","724.2876608548589","2021-04-07 03:24:03.228000000"
"814","82","773.0776631869849","590.8633045554743","2021-04-07 03:24:03.261000000"
"815","82","832.591724867736","798.7750811114545","2021-04-07 03:24:03.293000000"
"816","82","501.47109184737195","995.5809308061749","2021-04-07 03:24:03.325000000"
"817","82","569.7790835947577","530.1386989988665","2021-04-07 03:24:03.357000000"
"818","82","776.7296178996056","760.1382429982318","2021-04-07 03:24:03.389000000"
"819","82","579.3907950615078","826.0956680196941","2021-04-07 03:24:03.421000000"
"820","82","786.8326575750041","777.7961052062326","2021-04-07 03:24:03.453000000"
"821","83","818.495190318363","592.4404240356404","2021-04-07 03:24:03.485000000"
"822","83","643.8176769326543","574.2215840983338","2021-04-07 03:24:03.517000000"
"823","83","589.2047828782714","956.9175584345502","2021-04-07 03:24:03.549000000"
"824","83","532.8690123022174","944.4760206184035","2021-04-07 03:24:03.581000000"
"825","83","595.0737373540019","774.5199059776529","2021-04-07 03:24:03.612000000"
"826","83","749.7083771261516","815.8815607410215","2021-04-07 03:24:03.645000000"
"827","83","602.6149236417813","724.0605401000017","2021-04-07 03:24:03.677000000"
"828","83","997.8165675160526","597.3286512776111","2021-04-07 03:24:03.709000000"
"829","83","688.3534962248241","555.5337278303764","2021-04-07 03:24:03.741000000"
"830","83","605.7172711157726","563.8948245688641","2021-04-07 03:24:03.772000000"
"831","84","546.2443874875052","891.5774397629764","2021-04-07 03:24:03.805000000"
"832","84","815.490069463821","552.1314774668656","2021-04-07 03:24:03.837000000"
"833","84","761.9255524806995","737.9323644906021","2021-04-07 03:24:03.869000000"
"834","84","565.3132701074766","516.4781374886123","2021-04-07 03:24:03.901000000"
"835","84","726.7618436630703","597.9722641285545","2021-04-07 03:24:03.933000000"
"836","84","663.448415378006","833.829301175919","2021-04-07 03:24:03.965000000"
"837","84","580.9576770928364","726.6221002563349","2021-04-07 03:24:03.999000000"
"838","84","821.4787502697404","726.8563944892596","2021-04-07 03:24:04.032000000"
"839","84","802.7491824097633","527.3369055617658","2021-04-07 03:24:04.064000000"
"840","84","577.4660271788023","803.3302315160392","2021-04-07 03:24:04.096000000"
"841","85","616.551280567481","549.4274475139961","2021-04-07 03:24:04.129000000"
"842","85","884.1649756363361","735.215070140666","2021-04-07 03:24:04.161000000"
"843","85","512.518761012134","896.2962654343294","2021-04-07 03:24:04.193000000"
"844","85","604.0810465211091","599.0425226326216","2021-04-07 03:24:04.225000000"
"845","85","671.2435284429772","812.606094987913","2021-04-07 03:24:04.257000000"
"846","85","547.7163348279196","660.1324768939222","2021-04-07 03:24:04.288000000"
"847","85","804.2921069991403","560.5511413750334","2021-04-07 03:24:04.320000000"
"848","85","864.6053675837087","991.6427573345773","2021-04-07 03:24:04.353000000"
"849","85","536.8815609547697","531.5005255223224","2021-04-07 03:24:04.385000000"
"850","85","745.3062063435011","829.7957973690134","2021-04-07 03:24:04.416000000"
"851","86","601.065615281794","655.2470797438507","2021-04-07 03:24:04.448000000"
"852","86","652.5015637723674","682.3034282162635","2021-04-07 03:24:04.480000000"
"853","86","757.6675496909736","785.1476938954672","2021-04-07 03:24:04.512000000"
"854","86","841.2440339313325","672.4686579269202","2021-04-07 03:24:04.544000000"
"855","86","602.7613853608112","607.1111481392995","2021-04-07 03:24:04.576000000"
"856","86","982.4035973300633","585.9461510505166","2021-04-07 03:24:04.608000000"
"857","86","826.2553889088583","988.6795529022911","2021-04-07 03:24:04.640000000"
"858","86","888.1032805977268","717.0317220652374","2021-04-07 03:24:04.672000000"
"859","86","606.4760693830383","662.8583836576319","2021-04-07 03:24:04.703000000"
"860","86","756.6455139840999","548.8751370062301","2021-04-07 03:24:04.735000000"
"861","87","555.3602576942718","790.4855325760432","2021-04-07 03:24:04.766000000"
"862","87","791.1125751683586","997.5275922633209","2021-04-07 03:24:04.798000000"
"863","87","840.7816622815601","538.2376149003587","2021-04-07 03:24:04.830000000"
"864","87","812.3866957616763","750.420227455701","2021-04-07 03:24:04.862000000"
"865","87","842.9554323552097","976.4966558958738","2021-04-07 03:24:04.895000000"
"866","87","694.0067947944943","560.7926800483691","2021-04-07 03:24:04.927000000"
"867","87","626.5884842386969","572.9405289618707","2021-04-07 03:24:04.960000000"
"868","87","741.7881919590418","703.8375560973564","2021-04-07 03:24:04.992000000"
"869","87","781.5653821583451","805.1456526049819","2021-04-07 03:24:05.026000000"
"870","87","992.3852157883127","592.6366557778322","2021-04-07 03:24:05.061000000"
"871","88","882.658460444987","501.7960189197916","2021-04-07 03:24:05.094000000"
"872","88","579.0296641740847","632.4584961603634","2021-04-07 03:24:05.127000000"
"873","88","609.988785654488","882.7173535550646","2021-04-07 03:24:05.159000000"
"874","88","621.9480994575996","519.2712104015388","2021-04-07 03:24:05.191000000"
"875","88","973.1205639684536","822.6120604879188","2021-04-07 03:24:05.223000000"
"876","88","634.9778770768785","604.2488721720213","2021-04-07 03:24:05.255000000"
"877","88","606.890939839688","650.8197038371803","2021-04-07 03:24:05.286000000"
"878","88","618.7224612977755","947.0486914463993","2021-04-07 03:24:05.318000000"
"879","88","960.0069400470545","587.2952312760231","2021-04-07 03:24:05.350000000"
"880","88","906.7577199226705","678.6311177011545","2021-04-07 03:24:05.381000000"
"881","89","764.3391985042364","927.5552910832339","2021-04-07 03:24:05.413000000"
"882","89","910.3541635600862","585.3052939184347","2021-04-07 03:24:05.445000000"
"883","89","649.6285111759504","693.5159137126691","2021-04-07 03:24:05.477000000"
"884","89","923.3655475135206","520.8496354949749","2021-04-07 03:24:05.508000000"
"885","89","630.5030913289111","525.1124926725681","2021-04-07 03:24:05.540000000"
"886","89","785.4483533374259","654.9880432629424","2021-04-07 03:24:05.572000000"
"887","89","774.42940468243","859.029914687464","2021-04-07 03:24:05.604000000"
"888","89","588.4758193481242","811.4095634682208","2021-04-07 03:24:05.635000000"
"889","89","890.2173965405914","528.2234513886169","2021-04-07 03:24:05.667000000"
"890","89","649.6244853353476","726.2292160272709","2021-04-07 03:24:05.698000000"
"891","90","992.1272840486793","720.332677760218","2021-04-07 03:24:05.730000000"
"892","90","849.98684199442","740.743642289879","2021-04-07 03:24:05.761000000"
"893","90","770.1878977247723","544.8082014897982","2021-04-07 03:24:05.793000000"
"894","90","539.4009720486846","701.7411079866014","2021-04-07 03:24:05.825000000"
"895","90","790.0355554824677","858.6397966916377","2021-04-07 03:24:05.857000000"
"896","90","547.3636114386386","823.9220745675514","2021-04-07 03:24:05.889000000"
"897","90","612.3232611133068","902.995489335891","2021-04-07 03:24:05.921000000"
"898","90","997.9052142616845","677.4695472430146","2021-04-07 03:24:05.953000000"
"899","90","777.2069964406163","780.5141596675277","2021-04-07 03:24:05.985000000"
"900","90","988.4434254443096","950.2462161340902","2021-04-07 03:24:06.016000000"
"901","91","505.9155318470573","959.8386079656121","2021-04-07 03:24:06.047000000"
"902","91","931.1492008761307","881.0414034456239","2021-04-07 03:24:06.079000000"
"903","91","607.5321186398191","525.0625913287131","2021-04-07 03:24:06.111000000"
"904","91","866.3479246167622","561.6193226623593","2021-04-07 03:24:06.143000000"
"905","91","516.2061022755171","955.7264525114203","2021-04-07 03:24:06.175000000"
"906","91","913.0971902495146","836.2242526192474","2021-04-07 03:24:06.208000000"
"907","91","964.7580427456643","779.0097975207668","2021-04-07 03:24:06.240000000"
"908","91","828.8610063188842","702.214314693053","2021-04-07 03:24:06.273000000"
"909","91","532.5312013922209","668.8706744070021","2021-04-07 03:24:06.305000000"
"910","91","992.6994337455665","613.4219536070036","2021-04-07 03:24:06.338000000"
"911","92","847.7588157551369","658.2403308952673","2021-04-07 03:24:06.370000000"
"912","92","800.3170454226702","843.7256249561926","2021-04-07 03:24:06.402000000"
"913","92","531.7803930162972","879.8355019971134","2021-04-07 03:24:06.435000000"
"914","92","898.0836259949883","685.6644688928275","2021-04-07 03:24:06.468000000"
"915","92","542.0691622002904","966.0071159080348","2021-04-07 03:24:06.500000000"
"916","92","529.1855442769823","923.9038614834018","2021-04-07 03:24:06.532000000"
"917","92","879.0023128713829","763.2931153916481","2021-04-07 03:24:06.565000000"
"918","92","675.9650966558331","907.6381091504145","2021-04-07 03:24:06.597000000"
"919","92","712.3021976595899","658.9506127350083","2021-04-07 03:24:06.630000000"
"920","92","556.8986641924334","559.3939667980528","2021-04-07 03:24:06.662000000"
"921","93","505.74435407825507","876.4273697659382","2021-04-07 03:24:06.695000000"
"922","93","869.7519704458628","923.2387116276157","2021-04-07 03:24:06.727000000"
"923","93","704.7091234888862","803.8110104419674","2021-04-07 03:24:06.759000000"
"924","93","800.5924974078946","829.7158912253432","2021-04-07 03:24:06.792000000"
"925","93","510.3016585008302","844.1932776924828","2021-04-07 03:24:06.824000000"
"926","93","681.438926403708","839.8957270761917","2021-04-07 03:24:06.856000000"
"927","93","529.2715684986965","577.1738327249241","2021-04-07 03:24:06.889000000"
"928","93","807.0146068760951","643.6672172612566","2021-04-07 03:24:06.925000000"
"929","93","796.9399635197323","863.7369812454019","2021-04-07 03:24:06.958000000"
"930","93","605.4954610818609","976.1792503133909","2021-04-07 03:24:06.990000000"
"931","94","626.8172950525975","950.616490178493","2021-04-07 03:24:07.023000000"
"932","94","612.6177405327584","884.3374040478155","2021-04-07 03:24:07.056000000"
"933","94","936.424006815166","640.1607115757582","2021-04-07 03:24:07.089000000"
"934","94","950.0450294484892","801.3454681672206","2021-04-07 03:24:07.123000000"
"935","94","911.6140894161344","895.712433130716","2021-04-07 03:24:07.156000000"
"936","94","835.861666208019","534.3674781399397","2021-04-07 03:24:07.188000000"
"937","94","690.971927016703","617.8039646830723","2021-04-07 03:24:07.220000000"
"938","94","931.8062239201513","551.6191207777463","2021-04-07 03:24:07.252000000"
"939","94","805.3362900604141","827.1293849268227","2021-04-07 03:24:07.284000000"
"940","94","920.6117720822364","649.9769392730959","2021-04-07 03:24:07.316000000"
"941","95","744.8387239249873","897.7424238986088","2021-04-07 03:24:07.348000000"
"942","95","977.2352292859488","556.0681847920836","2021-04-07 03:24:07.380000000"
"943","95","735.7617039026129","602.3045878567043","2021-04-07 03:24:07.411000000"
"944","95","849.787289160374","635.1721812075019","2021-04-07 03:24:07.443000000"
"945","95","726.5644778649162","611.1086910240829","2021-04-07 03:24:07.475000000"
"946","95","562.8032706282019","940.080871239933","2021-04-07 03:24:07.506000000"
"947","95","702.8855665203789","861.5448761531313","2021-04-07 03:24:07.538000000"
"948","95","807.4355900243127","674.7040954564785","2021-04-07 03:24:07.569000000"
"949","95","584.2989651864134","692.0228905656197","2021-04-07 03:24:07.601000000"
"950","95","707.2512567768422","591.233409948286","2021-04-07 03:24:07.632000000"
"951","96","846.130671675676","672.7745922864951","2021-04-07 03:24:07.664000000"
"952","96","562.2431849105524","771.286129362363","2021-04-07 03:24:07.696000000"
"953","96","982.7269126097458","826.2051538161963","2021-04-07 03:24:07.727000000"
"954","96","826.7023283458892","714.0408072532184","2021-04-07 03:24:07.759000000"
"955","96","672.7956395466315","865.1845034321233","2021-04-07 03:24:07.790000000"
"956","96","993.9755116357271","635.3069492267689","2021-04-07 03:24:07.822000000"
"957","96","566.6292212510668","894.4320922338003","2021-04-07 03:24:07.854000000"
"958","96","954.9488053271123","969.8642792342897","2021-04-07 03:24:07.886000000"
"959","96","811.2396837713463","632.0742937609439","2021-04-07 03:24:07.918000000"
"960","96","833.8914655528179","548.9917930291779","2021-04-07 03:24:07.949000000"
"961","97","659.0300205696441","830.9262987212251","2021-04-07 03:24:07.981000000"
"962","97","701.3758638161581","784.9998573336251","2021-04-07 03:24:08.013000000"
"963","97","976.1602367754759","706.6336778121081","2021-04-07 03:24:08.047000000"
"964","97","657.3559421845505","952.4834440606908","2021-04-07 03:24:08.082000000"
"965","97","755.8103475320083","754.7158743565012","2021-04-07 03:24:08.118000000"
"966","97","946.6549606474312","984.3891087257193","2021-04-07 03:24:08.153000000"
"967","97","826.4295073188584","529.7423019785963","2021-04-07 03:24:08.186000000"
"968","97","883.3600577997181","627.6908809747648","2021-04-07 03:24:08.220000000"
"969","97","673.7866917140948","721.5050292298224","2021-04-07 03:24:08.253000000"
"970","97","660.9232288730436","837.1834713730841","2021-04-07 03:24:08.287000000"
"971","98","808.9939923041061","863.3745311969933","2021-04-07 03:24:08.323000000"
"972","98","950.7385879883706","583.2397445424556","2021-04-07 03:24:08.357000000"
"973","98","644.8496311560751","892.6702912414893","2021-04-07 03:24:08.392000000"
"974","98","879.758591726566","770.687700997203","2021-04-07 03:24:08.427000000"
"975","98","584.6099730634375","671.7962040362412","2021-04-07 03:24:08.462000000"
"976","98","956.8035717328155","901.8852314095086","2021-04-07 03:24:08.496000000"
"977","98","723.1449349365805","581.6240548928241","2021-04-07 03:24:08.531000000"
"978","98","793.1168268592561","753.4227877118838","2021-04-07 03:24:08.565000000"
"979","98","621.4982407368248","745.9800326856714","2021-04-07 03:24:08.599000000"
"980","98","523.515703459878","575.8020559898714","2021-04-07 03:24:08.634000000"
"981","99","587.2899530569407","756.6968902014403","2021-04-07 03:24:08.668000000"
"982","99","970.4295770850563","568.5980422689051","2021-04-07 03:24:08.702000000"
"983","99","674.1430233984969","727.2006796681844","2021-04-07 03:24:08.737000000"
"984","99","593.5134150195305","932.7241860327492","2021-04-07 03:24:08.772000000"
"985","99","748.5349953302632","584.8496879579227","2021-04-07 03:24:08.806000000"
"986","99","921.6369782897784","809.1031888419955","2021-04-07 03:24:08.841000000"
"987","99","706.7914959040857","738.4792043534998","2021-04-07 03:24:08.874000000"
"988","99","892.1320536801397","506.14230833209893","2021-04-07 03:24:08.908000000"
"989","99","709.9455697233794","512.3116835794251","2021-04-07 03:24:08.942000000"
"990","99","838.9875018763364","762.586932947126","2021-04-07 03:24:08.975000000"
"991","100","931.4286921462062","643.6081398847069","2021-04-07 03:24:09.009000000"
"992","100","923.1789074002314","539.6659492881349","2021-04-07 03:24:09.042000000"
"993","100","812.728178001963","741.7596197065901","2021-04-07 03:24:09.075000000"
"994","100","857.8755006322257","614.1402821679949","2021-04-07 03:24:09.108000000"
"995","100","898.2953205668601","900.2820320293797","2021-04-07 03:24:09.141000000"
"996","100","649.6168599237102","828.5995019870227","2021-04-07 03:24:09.173000000"
"997","100","637.0572976860454","633.6485261195976","2021-04-07 03:24:09.205000000"
"998","100","730.7341682419919","509.00890687976056","2021-04-07 03:24:09.237000000"
"999","100","881.6367918146418","778.6655098543984","2021-04-07 03:24:09.268000000"
"1000","100","735.0800595411832","870.1243752783753","2021-04-07 03:24:09.300000000"